index,hub,latitude,longitude
1,131,32.00055,-106.60614
2,199,33.41906,-94.0427
3,229,36.50022,-102.2447
4,512,33.41778,-94.04277
5,560,33.41962,-94.04271
6,635,31.74816,-106.48837
7,636,31.7477,-106.48488
8,637,29.54288,-104.37734
9,638,28.69617,-100.50993
10,639,27.49822,-99.51595
11,640,25.8921,-97.5051
12,17164,33.41764,-94.04748
13,17165,36.33155,-102.07502
14,17166,36.06575,-102.52281
15,17167,36.02597,-102.00169
16,17168,35.21066,-101.81099
17,17169,35.21028,-101.81331
18,17170,35.54683,-100.93269
19,17171,35.43384,-101.17775
20,17172,35.3389,-101.38136
21,17173,36.04695,-101.47307
22,17174,36.02901,-101.4744
23,17175,35.65233,-101.3945
24,17176,35.19594,-101.70598
25,17177,35.20276,-101.82719
26,17178,34.98258,-101.94244
27,17179,34.39311,-103.03693
28,17180,33.5962,-101.85284
29,17181,33.56401,-101.81778
30,17182,33.4489,-101.64902
31,17183,34.55696,-100.4357
32,17184,34.42322,-100.21286
33,17185,34.31644,-99.82455
34,17186,34.25872,-99.51952
35,17187,34.19435,-101.70451
36,17189,32.92558,-102.61893
37,17190,33.59567,-102.56268
38,17191,33.46628,-102.55499
39,17192,34.56256,-102.31477
40,17193,33.91881,-98.49387
41,17194,32.73714,-100.92255
42,17195,33.56319,-97.86093
43,17196,32.47377,-98.6772
44,17197,32.77156,-97.80894
45,17198,32.73672,-97.35063
46,17199,32.94513,-97.42085
47,17200,32.9034,-97.47943
48,17201,33.64844,-95.56841
49,17202,32.85727,-97.36076
50,17203,32.78965,-97.34019
51,17204,32.79675,-97.31306
52,17205,32.74747,-97.32083
53,17206,32.74477,-97.32127
54,17207,32.82397,-97.2818
55,17208,32.73912,-97.0831
56,17209,32.7433,-97.32133
57,17210,32.8063,-97.32528
58,17211,32.81691,-97.05505
59,17212,33.77487,-96.5605
60,17213,33.75385,-96.56197
61,17214,33.82069,-96.5329
62,17215,33.76358,-96.5305
63,17216,33.0321,-96.86488
64,17217,33.6418,-96.60381
65,17218,33.64124,-96.60666
66,17219,33.75726,-96.65184
67,17220,33.65091,-96.9043
68,17221,33.65489,-96.5439
69,17222,33.61249,-96.40732
70,17223,33.41729,-94.05231
71,17224,33.29419,-96.19284
72,17225,33.16222,-96.35844
73,17226,33.13548,-96.11818
74,17227,33.136,-96.12285
75,17228,32.91639,-96.63265
76,17229,33.13696,-96.10342
77,17230,33.13326,-95.59711
78,17231,33.15013,-94.97179
79,17232,32.99721,-94.96829
80,17233,33.01082,-94.66412
81,17234,32.73021,-94.94742
82,17235,33.41553,-94.05231
83,17236,33.38978,-94.06207
84,17237,32.92726,-94.70966
85,17238,33.02577,-96.51704
86,17239,33.01451,-96.70084
87,17240,32.95714,-96.71592
88,17241,32.80408,-96.72643
89,17242,32.77753,-96.73381
90,17243,32.7639,-96.73827
91,17244,32.73875,-96.76016
92,17245,32.55144,-96.66589
93,17246,32.77484,-96.85719
94,17247,32.77875,-96.80948
95,17249,32.955,-96.90857
96,17250,32.80452,-96.82456
97,17251,32.7806,-96.80959
98,17252,32.75972,-96.78717
99,17253,32.7567,-96.78169
100,17254,32.71831,-96.87508
101,17255,32.68523,-96.90633
102,17256,32.86455,-96.66943
103,17257,32.89996,-96.70486
104,17258,32.99832,-96.74099
105,17259,33.05925,-97.00299
106,17260,32.81477,-96.94926
107,17261,33.25214,-95.89645
108,17262,36.02357,-101.884
109,17263,35.96875,-101.88199
110,17264,27.50954,-99.51686
111,17265,28.51904,-99.21424
112,17266,29.39632,-98.53084
113,17267,27.74814,-98.07687
114,17268,29.34879,-94.94122
115,17269,29.35062,-94.94295
116,17270,29.68828,-95.04289
117,17271,29.71907,-95.28567
118,17272,29.73711,-95.31404
119,17273,29.7657,-95.3445
120,17275,29.7832,-95.43549
121,17276,29.77464,-95.34575
122,17277,29.79353,-95.34572
123,17278,29.81961,-95.33522
124,17279,29.81946,-95.35185
125,17280,29.81982,-95.32768
126,17281,29.67058,-95.39598
127,17282,29.74821,-95.34579
128,17284,29.49974,-95.51591
129,17285,29.62085,-95.63249
130,17286,29.78336,-96.15506
131,17287,29.58611,-96.33017
132,17288,30.38349,-96.08752
133,17289,30.09712,-95.61285
134,17290,30.0787,-95.41666
135,17291,30.33867,-95.89536
136,17292,30.33554,-95.9597
137,17293,30.68037,-96.37148
138,17294,30.36188,-95.77097
139,17295,30.30919,-95.45554
140,17296,30.34833,-95.08501
141,17297,29.85391,-95.2861
142,17298,30.07593,-94.11126
143,17299,30.37569,-94.31569
144,17300,30.34861,-94.17681
145,17301,30.44807,-93.95396
146,17302,30.08891,-93.78503
147,17303,30.2018,-93.86813
148,17304,30.66977,-93.88966
149,17305,30.88183,-96.59767
150,17306,30.73395,-96.56453
151,17307,30.80206,-96.60754
152,17308,30.84157,-96.63824
153,17309,30.34506,-96.52609
154,17310,31.34384,-96.16414
155,17311,31.75227,-95.64527
156,17312,32.09309,-96.45734
157,17313,32.40012,-96.86023
158,17314,32.59683,-96.75134
159,17315,32.48775,-96.99107
160,17316,32.56705,-97.1395
161,17317,32.40366,-97.22606
162,17318,32.34109,-97.38022
163,17319,32.36244,-96.65134
164,17320,31.08643,-97.33728
165,17321,31.09674,-97.34769
166,17322,31.0627,-97.44972
167,17323,31.23163,-98.40118
168,17324,31.36722,-94.71449
169,17325,31.19075,-94.78255
170,17326,31.34152,-94.72917
171,17327,30.92574,-94.82991
172,17328,31.65016,-94.66331
173,17329,31.94189,-94.25002
174,17330,32.76477,-94.35484
175,17331,32.85186,-94.52853
176,17332,32.95209,-95.26697
177,17333,33.01707,-95.36366
178,17334,29.95483,-97.03813
179,17335,30.00046,-97.14702
180,17336,30.34761,-97.36908
181,17337,30.56743,-97.4036
182,17338,30.71483,-97.44333
183,17339,29.3042,-94.9002
184,17340,29.50021,-95.46416
185,17341,31.70172,-98.90791
186,17342,32.08334,-98.33824
187,17343,32.53357,-97.61856
188,17344,31.7131,-98.98973
189,17345,28.09645,-97.8255
190,17346,26.31381,-98.166
191,17347,26.215,-97.71326
192,17348,26.19768,-97.70152
193,17349,26.1938,-97.58586
194,17350,26.13423,-97.63432
195,17351,27.78716,-97.66164
196,17352,28.03525,-97.50742
197,17353,29.40262,-98.48752
198,17354,29.40308,-98.4926
199,17355,29.40846,-98.51289
200,17356,28.97635,-95.96475
201,17357,28.98698,-95.96511
202,17358,29.1689,-95.99808
203,17359,29.3199,-96.10283
204,17360,29.57141,-96.45083
205,17361,29.59924,-96.3441
206,17362,29.6317,-96.0653
207,17363,29.77405,-95.28871
208,17364,30.04007,-94.89767
209,17365,29.8783,-93.95287
210,17366,32.49518,-94.72285
211,17367,31.58658,-97.09361
212,17368,32.01808,-97.1295
213,17369,32.36334,-97.38531
214,17370,30.45297,-97.72045
215,17371,30.64937,-98.29172
216,17372,30.75623,-98.6777
217,17373,30.26875,-97.75438
218,17374,30.16443,-96.40022
219,17375,30.18393,-96.93918
220,17376,29.16852,-100.03589
221,17377,29.16385,-100.09941
222,17378,28.7005,-100.49798
223,17379,29.16466,-100.39697
224,17380,26.10789,-98.24669
225,17381,26.2144,-98.33081
226,17382,26.37796,-98.81226
227,17383,28.0231,-97.05026
228,17384,28.6169,-96.62388
229,17385,28.69113,-96.82822
230,17386,28.87556,-96.21747
231,17387,29.22942,-95.91783
232,17388,29.49702,-95.58989
233,17389,29.56036,-95.81247
234,17390,29.88416,-97.92773
235,17391,29.42914,-98.50676
236,17392,29.42934,-98.50536
237,17393,29.68134,-98.63629
238,17394,30.57167,-98.28091
239,17395,30.84636,-96.98711
240,17396,31.13899,-99.3382
241,17397,31.44353,-97.40439
242,17398,31.96313,-95.27574
243,17399,32.14565,-95.1219
244,17400,32.35481,-95.2981
245,17401,32.15649,-94.79482
246,17402,32.27279,-94.97911
247,17403,32.20856,-95.84935
248,17404,27.78539,-97.48694
249,17405,27.94827,-97.58247
250,17406,30.27798,-103.81711
251,17407,30.35088,-103.68076
252,17408,31.10704,-104.11348
253,17409,31.42584,-103.50151
254,17410,31.2198,-101.94267
255,17411,31.48126,-100.41713
256,17412,31.04456,-103.65813
257,17413,32.44841,-100.53003
258,17414,32.21779,-99.79771
259,17415,32.44823,-99.7254
260,17416,31.59006,-102.91075
261,17417,30.13458,-102.38878
262,17418,31.1759,-105.35837
263,17419,32.47166,-100.40135
264,17420,32.50668,-100.39531
265,17421,32.51079,-100.40576
266,17422,31.77072,-106.47165
267,17423,31.78587,-106.52503
268,17424,31.77611,-99.36726
269,17425,32.22025,-98.68141
270,17426,32.58003,-97.35869
271,17427,32.54636,-97.32071
272,17428,32.49382,-94.72899
273,17429,32.55129,-94.36926
274,17430,31.96133,-95.2793
275,17431,32.58127,-95.10835
276,17432,30.52567,-96.69691
277,17433,30.70728,-96.86377
278,17434,30.63499,-97.08092
279,17435,30.08998,-94.07669
280,17436,30.09048,-93.74637
281,17437,30.14996,-93.74019
282,17438,29.98586,-94.00072
283,17439,29.79914,-95.28813
284,17440,29.8039,-95.2883
285,17441,29.75949,-95.29879
286,17442,29.69508,-95.32628
287,17443,29.71568,-95.33287
288,17444,29.42456,-95.24294
289,17445,29.4019,-95.17641
290,17446,29.30511,-94.80014
291,17447,29.15865,-95.43123
292,17448,29.57308,-95.77746
293,17449,28.83987,-96.55324
294,17450,28.64511,-96.89445
295,17451,29.68687,-97.11519
296,17452,29.6653,-97.50603
297,17453,29.43489,-98.44762
298,17454,29.41632,-98.50757
299,17455,29.80243,-98.02902
300,17456,29.87715,-97.94138
301,17457,30.3775,-97.73639
302,17458,30.50157,-97.68301
303,17459,31.0535,-97.35193
304,17461,26.20531,-98.23901
305,17462,29.37369,-94.8933
306,17463,29.66585,-95.01593
307,17464,28.66335,-96.55273
308,17465,30.91571,-94.72945
309,17466,32.61514,-99.81358
310,17467,30.55579,-97.06856
311,17468,30.08536,-93.77324
312,17469,28.49998,-96.77259
313,17470,28.94173,-95.34077
314,17471,30.69612,-95.44461
315,17472,30.70322,-95.44672
316,17473,30.71964,-95.54959
317,17474,29.55238,-104.3761
318,17475,29.506,-97.45056
319,17476,29.74268,-95.28752
320,17477,30.10281,-96.08025
321,17478,32.51965,-100.23299
322,17479,32.51214,-100.30664
323,17480,32.55612,-97.55135
324,17481,32.76309,-96.55386
325,17482,32.96965,-95.19571
326,17483,32.99364,-95.03906
327,17484,32.95631,-95.28937
328,17485,32.86609,-94.2834
329,17486,33.4297,-96.33896
330,17487,33.59866,-102.61594
331,17488,32.21936,-100.44937
332,17489,29.70219,-98.12865
333,17490,29.67818,-98.18332
334,17491,29.67213,-98.16774
335,17492,29.59822,-98.32115
336,17493,29.60925,-98.32108
337,17494,29.23326,-99.79041
338,17495,25.9095,-97.51393
339,17496,27.80594,-97.4057
340,17497,28.69545,-97.23434
341,17498,29.72659,-95.44727
342,17499,29.65331,-95.44865
343,17500,29.73271,-95.00734
344,17501,29.94206,-93.94977
345,17502,32.32726,-96.05038
346,17503,32.19586,-95.81117
347,17504,31.35904,-94.7469
348,17505,31.34732,-94.61595
349,17506,30.51746,-97.69283
350,17507,30.63113,-97.66856
351,17508,29.33047,-94.96902
352,17510,29.72981,-95.25122
353,17511,29.78722,-95.31619
354,17512,29.76321,-95.3107
355,17514,29.74719,-95.11665
356,17515,29.81178,-94.91992
357,17516,29.72432,-94.89561
358,17517,34.29883,-99.73317
359,17518,25.96539,-97.36465
360,17519,32.66963,-94.17155
361,17520,33.46504,-94.30176
362,17521,33.36156,-94.24344
363,17522,31.11949,-97.73079
364,17523,35.94543,-101.45367
365,17524,33.03578,-94.71748
366,17525,31.56158,-97.12009
367,17526,32.66077,-95.48346
368,17527,32.46872,-95.38358
369,17528,33.21408,-97.1259
370,17529,33.315,-97.17896
371,17530,33.11896,-97.02907
372,17531,33.59934,-101.85869
373,17532,30.73303,-96.56575
374,17533,29.74426,-98.10207
375,17534,29.87651,-97.93967
376,17535,29.55761,-95.82022
377,17536,29.32772,-96.1002
378,17537,29.44124,-95.02727
379,17538,30.21834,-93.83752
380,17539,29.85337,-93.97304
381,17540,28.79892,-96.99686
382,17541,36.0235,-101.98775
383,17542,33.58353,-96.59114
384,17543,31.74874,-106.4884
385,17544,31.74873,-106.48269
386,17545,33.16454,-95.10184
387,17546,29.28202,-98.36267
388,17547,33.41546,-94.05075
389,17548,33.01305,-96.54149
390,17549,29.65991,-95.43147
391,17550,29.66798,-95.44621
392,17551,29.78343,-95.42688
393,17552,29.76505,-95.35738
394,17553,29.77107,-95.39581
395,17555,29.77348,-95.34853
396,17556,29.7722,-95.36287
397,17557,29.72329,-95.28123
398,17558,29.75586,-95.29271
399,17559,29.71896,-95.27402
400,17560,29.78773,-95.31096
401,17561,29.78438,-95.34866
402,17562,29.80743,-95.29138
403,17563,32.73199,-97.35976
404,17564,32.74202,-97.33978
405,17565,32.73442,-97.32263
406,17566,32.69859,-97.34236
407,17567,32.72139,-97.34354
408,17568,32.70036,-97.35356
409,17569,32.34525,-97.3804
410,17570,32.34418,-97.37775
411,17571,32.71127,-97.32668
412,17572,32.3831,-96.85033
413,17575,32.74323,-97.31299
414,17576,32.74606,-97.32092
415,17579,32.75609,-97.3219
416,17580,32.75751,-97.32126
417,17581,32.80803,-97.3203
418,17582,32.86035,-97.36119
419,17583,32.78755,-97.34006
420,17584,32.95861,-97.35472
421,17585,33.17621,-97.14746
422,17586,32.74063,-96.75539
423,17587,32.72014,-96.68735
424,17588,32.73387,-96.75571
425,17589,32.95469,-96.90876
426,17590,32.95488,-96.90848
427,17591,32.16095,-96.57495
428,17592,32.09099,-96.46175
429,17593,31.57086,-97.10965
430,17594,31.48039,-97.24763
431,17595,30.86839,-96.58446
432,17596,30.2581,-97.71535
433,17597,29.24304,-100.08481
434,17598,29.43396,-98.47668
435,17599,29.64088,-98.24724
436,17600,29.63218,-98.262
437,17601,29.63348,-98.25296
438,17602,29.53558,-98.38905
439,17603,29.54619,-98.43422
440,17604,29.45038,-98.41785
441,17605,29.42668,-98.39488
442,17606,29.58342,-97.97087
443,17607,29.89154,-97.92657
444,17609,29.78604,-95.80623
445,17610,29.71867,-95.2043
446,17611,29.72069,-95.08347
447,17612,30.07523,-94.09938
448,17613,30.19368,-93.86296
449,17614,30.08423,-93.73566
450,17615,30.05496,-93.76268
451,17616,30.07011,-94.17114
452,17617,30.07632,-94.12552
453,17618,33.92293,-98.49872
454,17619,33.9333,-98.55653
455,17620,33.85992,-98.59059
456,17621,35.22807,-101.86571
457,17622,35.21252,-101.82953
458,17623,35.19252,-102.09532
459,17624,31.77968,-106.51768
460,17625,34.13077,-99.1525
461,17626,29.90526,-95.50397
462,17627,30.38836,-96.09115
463,17628,30.46628,-96.20363
464,17629,30.63585,-96.36702
465,17630,29.88287,-95.57524
466,17632,29.94794,-95.28459
467,17633,29.86749,-95.12897
468,17634,30.87337,-95.38557
469,17635,30.94254,-95.3728
470,17636,30.59061,-97.69478
471,17637,31.13536,-97.33923
472,17638,32.77639,-96.66944
473,17639,32.67244,-95.71682
474,17640,32.28276,-94.46878
475,17641,30.02304,-95.40266
476,17642,29.35933,-100.9146
477,17643,30.3723,-103.67236
478,17644,31.69511,-106.3199
479,17645,32.50723,-100.3304
480,17648,32.38759,-100.87492
481,17649,33.59042,-101.84421
482,17650,34.1924,-101.69423
483,17651,34.1899,-101.69225
484,17652,34.18478,-101.65668
485,17653,34.19374,-101.70633
486,17654,34.53355,-101.77768
487,17655,34.81206,-102.40204
488,17656,34.17926,-102.65633
489,17657,31.85758,-102.34087
490,17658,31.26674,-105.56268
491,17659,35.11287,-101.36279
492,17660,31.25877,-105.65263
493,17661,31.24352,-105.79253
494,17662,31.99721,-102.0699
495,17663,31.34496,-94.73372
496,17666,31.81807,-94.49409
497,17667,30.92195,-93.98648
498,17668,30.34819,-94.07539
499,17669,30.34857,-94.17063
500,17670,30.34569,-94.17563
501,17671,30.12073,-94.41019
502,17672,30.03702,-94.41472
503,17673,30.09137,-94.11389
504,17674,30.07988,-94.11163
505,17675,30.07593,-94.11169
506,17676,30.07679,-94.11132
507,17677,30.08359,-94.09851
508,17678,28.7899,-97.00671
509,17679,28.80078,-96.99545
510,17680,29.09164,-97.29733
511,17681,29.70732,-96.53873
512,17682,31.35381,-96.17461
513,17683,31.62677,-96.28564
514,17684,32.24519,-96.50136
515,17685,32.34084,-95.32744
516,17686,31.79916,-95.18475
517,17687,31.49293,-95.48027
518,17688,31.7611,-95.63097
519,17689,33.14856,-94.97638
520,17690,33.14644,-94.97348
521,17691,33.14441,-95.59589
522,17692,32.77936,-96.81122
523,17693,33.13351,-96.12927
524,17694,33.2,-96.61029
525,17695,33.28749,-97.21814
526,17696,25.90982,-97.49673
527,17697,26.47415,-97.78409
528,17698,27.58287,-97.80298
529,17699,27.78581,-97.45653
530,17700,27.78732,-97.41878
531,17701,27.81195,-97.4529
532,17702,27.81525,-97.39925
533,17703,28.80072,-96.99937
534,17704,29.47556,-95.6237
535,17705,29.4268,-95.24939
536,17706,29.42993,-95.24709
537,17707,29.55742,-95.28505
538,17708,29.7865,-95.11751
539,17709,29.29012,-94.85884
540,17710,29.29836,-94.82318
541,17711,29.30167,-94.81346
542,17712,29.31151,-94.78271
543,17713,29.58272,-96.32626
544,17714,29.78239,-96.16
545,17715,30.00679,-97.1651
546,17716,30.00835,-97.16449
547,17717,31.31149,-96.89577
548,17718,31.68732,-96.48503
549,17719,29.90804,-96.78059
550,17720,28.33675,-98.11246
551,17721,28.97227,-98.48065
552,17722,29.43993,-98.4413
553,17723,29.43611,-98.45427
554,17724,29.60471,-98.60005
555,17725,27.41991,-98.56642
556,17726,29.81848,-101.55078
557,17727,31.36618,-105.91913
558,17728,36.19345,-101.20456
559,17729,32.75813,-97.31705
560,17730,32.78667,-97.33731
561,17732,32.76041,-97.32054
562,17734,32.77596,-97.33042
563,17735,32.78102,-97.34242
564,17736,32.6521,-97.29224
565,17737,32.25084,-101.48717
566,17738,30.01126,-95.80421
567,17739,29.69644,-98.11926
568,17740,29.70699,-98.12869
569,17741,29.70138,-98.1275
570,17742,32.74191,-97.32143
571,17743,32.74619,-97.32111
572,17744,32.74815,-97.32114
573,17745,32.74559,-97.32117
574,17746,32.75487,-97.32204
575,17747,32.74495,-97.32262
576,17748,32.74443,-97.31949
577,17749,30.20001,-94.18991
578,17750,31.74269,-99.94312
579,17751,31.25468,-100.81548
580,17752,32.81468,-96.94264
581,17753,32.81781,-96.9455
582,17754,32.76512,-97.0544
583,17756,32.85153,-97.35506
584,17757,32.7888,-97.33951
585,17758,32.78959,-97.33932
586,17759,33.45894,-94.4167
587,17760,29.00546,-95.38233
588,17761,28.95978,-95.35088
589,17762,28.94814,-95.31892
590,17763,35.91136,-100.39188
591,17764,34.58045,-102.80267
592,17765,35.26912,-101.59764
593,17767,35.21242,-101.80252
594,17768,35.22021,-101.76746
595,17769,35.21257,-101.82619
596,17770,35.19875,-101.72452
597,17771,35.21416,-101.79239
598,17772,35.70428,-101.35002
599,17773,30.89279,-102.87901
600,17774,30.99348,-102.71286
601,17775,31.13576,-102.22047
602,17776,31.12622,-101.17146
603,17777,30.64577,-98.31615
604,17778,30.74857,-98.21925
605,17779,30.75972,-98.22241
606,17780,31.07584,-98.16684
607,17781,31.19922,-98.7238
608,17782,32.39241,-98.98038
609,17783,33.82382,-97.95064
610,17784,33.80926,-98.20263
611,17785,33.623,-97.13979
612,17786,33.31595,-96.78619
613,17787,32.97874,-96.59183
614,17788,33.02692,-96.51012
615,17789,32.94367,-96.37977
616,17790,32.87527,-96.68057
617,17791,32.80254,-96.72862
618,17792,33.57332,-96.17934
619,17793,30.30963,-104.02568
620,17794,33.3136,-101.72672
621,17795,33.17966,-102.28412
622,17796,33.75381,-96.53435
623,17797,33.75084,-96.53484
624,17798,31.58153,-97.09233
625,17799,31.57724,-97.09258
626,17800,31.25276,-93.97156
627,17801,31.30229,-103.80647
628,17802,31.83147,-106.431
629,17803,29.85382,-97.96346
630,17804,29.77247,-98.06354
631,17805,29.77283,-98.0637
632,17806,29.85356,-97.96324
633,17807,30.52228,-96.69518
634,17808,30.52559,-96.69197
635,17809,30.88705,-96.5977
636,17810,30.883,-96.59529
637,17811,30.33658,-95.86428
638,17812,30.16996,-95.68066
639,17813,29.82245,-95.23361
640,17814,29.80824,-95.26697
641,17815,29.47307,-98.38451
642,17816,29.34988,-98.58022
643,17817,33.11131,-94.16657
644,17818,33.05801,-96.99998
645,17819,33.02715,-96.86424
646,17820,32.99893,-96.74843
647,17821,33.0132,-96.70085
648,17822,31.05457,-97.44847
649,17823,33.80473,-96.53294
650,17824,30.88467,-96.59644
651,17825,31.5545,-97.09164
652,17826,29.78291,-95.40974
653,17827,29.78557,-95.43875
654,17828,29.56024,-95.81365
655,17829,29.57347,-95.77679
656,17830,29.7829,-95.43813
657,17831,29.61378,-95.18878
658,17832,32.44504,-99.72498
659,17833,32.39156,-99.40381
660,17834,32.4637,-100.41087
661,17835,35.94029,-101.98578
662,17836,29.98633,-93.99676
663,17837,30.04108,-94.06586
664,17838,31.77271,-106.46856
665,17839,31.76416,-106.46759
666,17840,31.77011,-106.46965
667,17841,31.76181,-106.48645
668,17842,31.77112,-106.47246
669,17843,31.81763,-106.43964
670,17844,31.75795,-106.49369
671,17845,31.7719,-106.51352
672,17846,31.74533,-106.37891
673,17847,30.58203,-104.49019
674,17848,30.20528,-103.24353
675,17849,31.15551,-104.07761
676,17850,31.06731,-104.21367
677,17851,31.04042,-104.83124
678,17852,31.02875,-102.61737
679,17853,31.41556,-100.46878
680,17854,31.45891,-100.42709
681,17855,31.48792,-100.41482
682,17856,31.48558,-100.4115
683,17857,31.50713,-100.40469
684,17860,29.78081,-96.1544
685,17861,32.87933,-97.36277
686,17862,32.87797,-97.37804
687,17863,33.23717,-97.58054
688,17864,33.05666,-97.29897
689,17865,32.85814,-97.36087
690,17866,32.82988,-97.336
691,17867,32.69899,-97.43356
692,17868,29.2905,-97.14815
693,17869,33.17625,-97.15305
694,17870,33.11958,-97.18605
695,17871,33.0015,-97.22919
696,17872,32.93095,-97.25481
697,17873,32.93323,-97.07951
698,17874,32.77502,-96.73418
699,17875,32.73525,-96.27483
700,17876,31.16516,-96.67672
701,17877,29.3196,-99.46207
702,17878,29.36542,-98.56583
703,17879,28.03788,-99.35588
704,17880,27.66902,-99.46885
705,17881,27.50002,-99.51593
706,17882,27.50952,-99.51405
707,17883,28.74248,-98.30221
708,17884,28.77193,-98.31674
709,17885,30.08231,-97.84184
710,17886,30.22032,-97.77754
711,17887,30.21082,-97.68338
712,17888,31.02564,-96.48489
713,17889,30.65294,-95.95746
714,17890,30.15012,-94.72383
715,17891,30.02348,-95.08664
716,17892,29.82101,-95.35226
717,17893,29.77403,-95.34729
718,17894,29.81277,-95.3502
719,17895,33.25955,-97.79318
720,17896,32.01159,-97.60146
721,17897,29.33038,-95.2443
722,17898,29.22645,-95.19904
723,17899,29.39894,-95.17546
724,17900,36.39779,-100.80838
725,17901,30.71442,-94.93369
726,17902,36.37646,-103.0248
727,17903,35.68076,-102.33191
728,17904,35.242,-101.78047
729,17906,34.93748,-100.88251
730,17907,29.14027,-98.90336
731,17908,27.30528,-98.67586
732,17909,27.51297,-97.86806
733,17910,31.43468,-106.07273
734,17911,31.31369,-95.46117
735,17912,29.70148,-96.59161
736,17913,29.68137,-97.65369
737,17914,33.18324,-101.3736
738,17915,29.89014,-97.67603
739,17916,30.10764,-97.31238
740,17917,31.89482,-98.60228
741,17918,32.22011,-98.20935
742,17919,32.38924,-97.91447
743,17920,29.6925,-97.29851
744,17921,29.04465,-95.57596
745,17922,32.74748,-97.35411
746,17923,32.81398,-96.90067
747,17924,32.73691,-97.10211
748,17925,32.73073,-97.21341
749,17926,32.76523,-97.29652
750,17927,33.64857,-95.5679
751,17928,33.76253,-96.53157
752,17929,33.77166,-96.56597
753,17930,33.77126,-96.55984
754,17931,33.63246,-97.14212
755,17932,33.39844,-96.9628
756,17933,32.55075,-98.49417
757,17934,32.66522,-98.11879
758,17935,33.91939,-102.31953
759,17936,35.86417,-101.98038
760,17937,34.05864,-101.84161
761,17938,33.832,-101.83839
762,17939,34.38788,-102.11954
763,17940,29.69197,-101.18523
764,17941,29.34603,-99.15919
765,17942,27.22154,-97.79276
766,17943,28.30487,-97.27077
767,17944,34.72716,-100.53572
768,17945,34.16258,-99.28511
769,17946,34.0282,-98.91838
770,17947,33.96894,-98.53094
771,17948,27.78671,-97.65914
772,17949,27.8483,-97.6173
773,17950,27.92276,-97.29202
774,17951,31.58307,-95.84938
775,17952,31.83528,-99.42767
776,17953,31.45102,-98.56785
777,17954,31.35713,-96.14577
778,17955,31.03181,-96.11392
779,17956,31.5306,-94.11449
780,17957,31.21819,-96.63971
781,17958,31.17783,-96.5
782,17959,31.76646,-96.33201
783,17960,31.65958,-96.48303
784,17961,32.14175,-96.09483
785,17962,32.13095,-96.23305
786,17963,31.74421,-95.62422
787,17964,31.59747,-94.65797
788,17965,31.54143,-97.0491
789,17966,30.84361,-96.63972
790,17967,30.84068,-96.64029
791,17968,30.83978,-96.63687
792,17969,30.84262,-96.63588
793,17970,29.74277,-104.06377
794,17971,32.4444,-95.1828
795,17972,32.38718,-94.8761
796,17973,32.48427,-94.7459
797,17974,32.50316,-94.81152
798,17975,32.44957,-94.68073
799,17976,32.15758,-94.33417
800,17977,33.2722,-94.09635
801,17978,27.50237,-99.41695
802,17979,27.49973,-99.3898
803,17980,27.78814,-97.66743
804,17981,27.78682,-97.66192
805,17982,28.6927,-96.83072
806,17983,28.68972,-96.83032
807,17984,29.42147,-94.96164
808,17985,29.57272,-95.02769
809,17986,29.60252,-95.03262
810,17987,29.64613,-95.03854
811,17988,29.68378,-95.03942
812,17989,29.35141,-94.94402
813,17990,29.34858,-94.94152
814,17991,29.3036,-94.8992
815,17992,29.2897,-94.8705
816,17993,29.2892,-94.8696
817,17994,29.29874,-94.81755
818,17995,29.69726,-95.327
819,17996,29.69402,-95.32803
820,17997,29.72037,-95.28635
821,17998,29.7199,-95.2842
822,17999,29.72034,-95.27933
823,18000,29.77585,-95.3468
824,18001,29.77163,-95.3447
825,18002,29.8196,-95.34831
826,18003,29.84554,-95.28819
827,18004,29.70934,-95.33087
828,18005,29.71734,-95.28875
829,18006,29.71621,-95.28387
830,18007,29.73646,-95.31211
831,18008,29.73864,-95.313
832,18009,29.77563,-95.34349
833,18010,29.784,-95.34503
834,18011,29.74073,-95.31158
835,18012,29.75293,-95.30329
836,18013,29.79649,-95.28813
837,18014,29.8011,-95.2837
838,18015,29.8017,-95.2883
839,18016,29.75864,-95.29335
840,18017,29.77281,-95.28893
841,18019,29.76735,-95.16623
842,18020,29.74933,-95.21191
843,18021,29.75653,-95.15314
844,18023,31.79913,-94.17196
845,18024,33.1801,-94.7438
846,18025,28.83057,-95.93404
847,18026,29.03204,-95.75327
848,18027,29.03728,-95.69258
849,18028,28.89717,-96.04715
850,18029,28.79749,-96.04837
851,18030,28.97632,-95.9662
852,18031,28.9774,-95.96487
853,18032,29.57421,-96.42969
854,18033,29.92947,-96.24608
855,18034,29.48858,-96.45796
856,18035,29.84727,-95.29301
857,18036,29.83519,-95.28825
858,18037,29.81123,-95.30209
859,18038,29.74698,-95.34427
860,18039,29.75189,-95.33989
861,18040,27.6658,-99.43364
862,18041,29.57109,-97.1442
863,18042,29.67922,-96.90505
864,18043,30.4514,-94.84467
865,18044,29.99714,-95.26591
866,18045,29.83603,-94.90576
867,18046,29.72668,-94.96974
868,18047,29.70209,-94.89617
869,18048,29.68654,-95.03682
870,18049,29.72014,-95.15315
871,18050,29.7193,-95.15529
872,18051,29.718,-95.20459
873,18052,29.75463,-95.20485
874,18053,33.64702,-96.9063
875,18054,30.73512,-96.44681
876,18055,31.07117,-98.17581
877,18056,30.66658,-96.37328
878,18057,30.6738,-96.4852
879,18058,30.6158,-96.3492
880,18059,30.6075,-96.3413
881,18060,31.09671,-97.35144
882,18061,31.09433,-97.35693
883,18062,31.12274,-97.35005
884,18063,31.52763,-97.1561
885,18064,31.46204,-97.19707
886,18065,31.56123,-97.12102
887,18066,31.67245,-97.09615
888,18067,31.52728,-97.1568
889,18068,31.59071,-97.09277
890,18069,31.57928,-97.09595
891,18070,31.60144,-97.0929
892,18071,31.57361,-97.10654
893,18072,31.6155,-97.1124
894,18073,27.44849,-99.08914
895,18074,36.43269,-100.14598
896,18075,36.11974,-100.02106
897,18076,34.28151,-101.89649
898,18077,36.03797,-101.63943
899,18078,31.59158,-106.22768
900,18079,33.86985,-98.57215
901,18080,31.96255,-106.60363
902,18081,29.04439,-96.50967
903,18082,28.97925,-96.64108
904,18083,28.85027,-96.89234
905,18084,29.497,-95.9188
906,18085,29.53234,-96.06293
907,18086,30.33831,-93.92478
908,18087,30.35135,-94.06419
909,18088,30.21445,-93.84007
910,18089,30.2136,-93.74864
911,18090,32.81094,-97.08949
912,18091,32.74529,-96.98903
913,18092,29.63816,-95.05876
914,18093,29.64308,-95.09027
915,18094,32.47965,-94.06054
916,18095,32.55139,-94.3651
917,18096,32.51007,-94.5038
918,18097,32.55655,-94.36709
919,18098,32.5501,-94.38693
920,18099,32.28749,-94.47372
921,18100,32.25707,-94.56396
922,18101,33.2513,-94.0611
923,18102,33.26196,-94.07443
924,18103,32.4649,-94.48831
925,18104,32.98097,-97.35305
926,18105,33.02517,-97.35172
927,18106,32.76541,-94.34803
928,18107,32.76563,-94.35704
929,18108,26.0102,-97.48453
930,18109,26.00649,-97.4887
931,18110,25.99707,-97.52572
932,18111,25.99876,-97.52959
933,18112,25.99347,-97.52842
934,18113,26.00637,-97.48147
935,18114,25.95906,-97.41645
936,18115,25.95545,-97.41599
937,18116,25.9512,-97.40765
938,18118,25.95367,-97.38486
939,18119,26.19318,-97.69847
940,18120,26.19402,-97.70357
941,18121,26.1584,-97.98373
942,18122,26.10612,-97.47672
943,18123,26.31048,-98.15205
944,18124,27.94726,-97.58338
945,18125,27.94732,-97.58106
946,18126,27.94949,-97.58135
947,18127,28.03355,-97.50889
948,18128,28.0341,-97.50544
949,18129,28.8436,-96.5007
950,18130,28.82818,-96.50429
951,18131,28.90105,-96.01466
952,18132,29.06485,-95.75408
953,18133,29.40045,-95.17245
954,18134,29.34647,-94.93911
955,18135,29.34985,-94.93965
956,18136,28.707,-98.47408
957,18137,29.38242,-98.55174
958,18138,29.33107,-98.59671
959,18139,29.35383,-98.57558
960,18140,29.33427,-98.59327
961,18141,29.32761,-98.6142
962,18143,33.46695,-96.91953
963,18144,36.0235,-101.99805
964,18145,33.15886,-94.96648
965,18146,33.18728,-95.22281
966,18147,29.62834,-95.30368
967,18148,29.64152,-95.31046
968,18149,29.59684,-95.29708
969,18150,29.63742,-95.29039
970,18151,29.65334,-95.29005
971,18152,29.47923,-95.61931
972,18153,30.02524,-94.08586
973,18154,30.05928,-94.08611
974,18155,30.06121,-94.07059
975,18156,32.01956,-95.20667
976,18157,32.22652,-95.22215
977,18158,32.29243,-95.24608
978,18159,32.36798,-95.27968
979,18160,32.34552,-96.63849
980,18161,29.8438,-93.95599
981,18162,29.97333,-93.94466
982,18163,29.94654,-93.9492
983,18164,29.94069,-93.89079
984,18165,30.07984,-94.09366
985,18166,30.08186,-94.09372
986,18167,30.09043,-94.0996
987,18168,30.07593,-94.11103
988,18169,30.07509,-94.10262
989,18170,30.07904,-94.11438
990,18171,30.07759,-94.11144
991,18172,30.07411,-94.14191
992,18173,30.07623,-94.09234
993,18174,30.07329,-94.10011
994,18175,28.89378,-99.09594
995,18176,35.6915,-100.63946
996,18177,35.52433,-100.98227
997,18179,31.44623,-96.20733
998,18180,30.09727,-93.88747
999,18181,30.02932,-93.87887
1000,18182,32.70984,-97.41179
1001,18183,32.74279,-97.43925
1002,18184,30.04277,-95.40767
1003,18185,30.07469,-95.41563
1004,18186,30.08121,-95.42003
1005,18187,30.08359,-95.41779
1006,18188,29.81694,-95.35127
1007,18189,29.16742,-100.40091
1008,18190,29.38314,-100.75343
1009,18191,29.67575,-101.16003
1010,18192,30.18831,-103.99602
1011,18193,27.80742,-97.41052
1012,18194,27.8101,-97.39635
1013,18195,27.80341,-97.40167
1014,18196,27.80456,-97.40879
1015,18197,27.81359,-97.45225
1016,18198,27.71924,-97.41973
1017,18199,27.81264,-97.45794
1018,18200,30.1427,-94.64517
1019,18201,30.04202,-94.66795
1020,18202,34.12311,-101.75606
1021,18203,28.67323,-99.16792
1022,18204,28.24096,-97.32991
1023,18205,30.08861,-93.77892
1024,18206,30.08953,-93.76308
1025,18207,30.08693,-93.76557
1026,18208,30.08547,-93.76819
1027,18209,30.08333,-93.77022
1028,18210,30.07162,-93.72179
1029,18211,30.57042,-97.40314
1030,18212,30.56192,-97.40422
1031,18213,30.56742,-97.40663
1032,18214,30.56573,-97.43552
1033,18215,30.56713,-97.40815
1034,18216,33.41816,-94.05232
1035,18217,33.4204,-94.05231
1036,18218,33.43049,-94.05633
1037,18219,33.41719,-94.05088
1038,18220,33.41726,-94.0484
1039,18221,33.42177,-94.30105
1040,18222,33.33115,-94.35028
1041,18223,33.02815,-94.84613
1042,18224,32.99792,-94.63246
1043,18225,32.77733,-96.73099
1044,18226,32.84325,-96.86307
1045,18227,32.49481,-94.72388
1046,18228,32.5094,-94.59272
1047,18229,33.01008,-96.54613
1048,18230,33.00568,-96.54971
1049,18231,32.95664,-96.90973
1050,18232,32.95582,-96.90708
1051,18233,32.95814,-96.90393
1052,18234,32.95712,-96.90595
1053,18235,32.81318,-96.86607
1054,18236,32.77719,-96.65342
1055,18237,32.74687,-96.46954
1056,18238,32.69778,-95.88497
1057,18239,27.69994,-99.45395
1058,18240,27.87115,-99.40086
1059,18241,32.84548,-94.29259
1060,18242,32.6707,-94.3424
1061,18243,33.32726,-94.0571
1062,18244,31.29656,-97.25051
1063,18245,32.08218,-98.33839
1064,18246,31.65301,-97.47064
1065,18247,30.26664,-97.75315
1066,18248,30.47657,-97.73396
1067,18249,28.87061,-96.01176
1068,18250,31.81214,-106.42101
1069,18251,31.82795,-106.42326
1070,18252,36.33314,-102.07645
1071,18253,35.62429,-101.97323
1072,18254,36.06675,-102.52111
1073,18255,36.0648,-102.52139
1074,18256,36.06616,-102.52341
1075,18257,35.72041,-102.94339
1076,18258,35.27869,-101.74192
1077,18259,35.54869,-100.80519
1078,18260,34.31081,-99.73056
1079,18261,34.09294,-99.16167
1080,18262,32.29989,-97.78722
1081,18263,32.78317,-94.33558
1082,18264,30.94345,-104.89912
1083,18265,29.94923,-101.74408
1084,18266,31.18931,-101.45918
1085,18267,29.32168,-98.64364
1086,18268,29.31985,-98.64781
1087,18269,29.32775,-98.67473
1088,18270,29.31906,-98.64472
1089,18271,29.30124,-98.63178
1090,18272,29.29404,-98.63855
1091,18273,29.30092,-98.63632
1092,18274,32.60457,-96.69373
1093,18275,32.63413,-96.70567
1094,18276,32.69589,-96.73917
1095,18277,32.71684,-96.75123
1096,18278,32.5184,-96.97805
1097,18279,32.4844,-96.98452
1098,18280,32.48845,-96.99251
1099,18281,32.43388,-97.10541
1100,18282,31.84847,-96.44676
1101,18283,31.80962,-96.33248
1102,18284,31.78823,-96.32171
1103,18285,31.77847,-96.13674
1104,18286,31.52048,-96.53385
1105,18287,31.42123,-96.24573
1106,18288,31.46407,-96.05569
1107,18289,31.74332,-95.62217
1108,18290,31.75697,-95.63482
1109,18291,31.85843,-95.50178
1110,18292,31.82307,-95.54604
1111,18293,31.94871,-95.31782
1112,18294,32.73281,-96.27324
1113,18295,32.40608,-98.81627
1114,18296,30.42921,-95.47911
1115,18297,30.31462,-95.37609
1116,18298,33.13988,-96.11228
1117,18299,33.13184,-96.15111
1118,18300,32.06926,-97.51047
1119,18301,31.12412,-97.78027
1120,18302,31.12241,-97.87185
1121,18303,31.12247,-97.89691
1122,18304,31.12327,-97.86805
1123,18305,29.90292,-96.7614
1124,18306,29.90559,-96.74908
1125,18307,29.95393,-97.03159
1126,18308,29.96124,-97.0374
1127,18309,32.56744,-94.36564
1128,18310,28.4356,-99.23313
1129,18311,29.38153,-98.54155
1130,18312,29.40494,-98.51806
1131,18313,29.40779,-98.5103
1132,18314,29.76423,-95.31434
1133,18315,29.76551,-95.31237
1134,18316,29.73909,-95.31086
1135,18317,32.85113,-96.67936
1136,18318,29.68684,-97.11797
1137,18319,29.68407,-97.11722
1138,18320,29.68899,-97.11361
1139,18321,29.95487,-97.04114
1140,18322,29.62673,-98.26461
1141,18323,29.62626,-98.27403
1142,18324,34.62399,-101.81609
1143,18325,30.31007,-95.33875
1144,18326,30.65574,-96.99726
1145,18327,30.99861,-94.82734
1146,18328,29.59747,-95.72596
1147,18329,29.56034,-95.81001
1148,18330,29.55951,-95.81671
1149,18331,29.55741,-95.83862
1150,18332,29.55769,-95.8371
1151,18333,29.96848,-94.21809
1152,18334,32.53389,-94.9432
1153,18335,31.45797,-103.39169
1154,18336,31.8239,-102.33039
1155,18337,31.87356,-102.30994
1156,18338,31.88293,-102.29183
1157,18339,31.75168,-102.54562
1158,18340,31.77557,-106.46104
1159,18341,31.77361,-106.46894
1160,18342,31.77423,-106.47137
1161,18343,31.76582,-106.50858
1162,18344,31.78312,-106.51985
1163,18345,31.752,-106.49041
1164,18346,31.75655,-106.49833
1165,18347,31.75891,-106.5019
1166,18348,31.75072,-106.47335
1167,18349,31.75848,-106.47878
1168,18350,31.75746,-106.39269
1169,18351,31.77302,-106.39423
1170,18352,31.76336,-106.4001
1171,18353,27.84238,-97.52479
1172,18354,27.84545,-97.52456
1173,18355,27.82125,-97.45407
1174,18356,27.81814,-97.46083
1175,18357,27.82181,-97.4737
1176,18358,27.82416,-97.47507
1177,18359,27.80996,-97.45609
1178,18360,30.34646,-95.08607
1179,18361,30.35003,-95.08026
1180,18362,30.38452,-96.08796
1181,18363,30.38305,-96.08711
1182,18364,30.3658,-96.07989
1183,18365,30.9167,-96.11001
1184,18366,32.95651,-96.83523
1185,18367,32.95539,-96.83065
1186,18368,32.94252,-96.82606
1187,18369,32.9085,-96.67714
1188,18370,32.87431,-96.67412
1189,18371,32.88821,-96.67191
1190,18372,32.91567,-96.63308
1191,18373,32.91666,-96.63116
1192,18374,29.85795,-93.97033
1193,18375,29.85844,-93.97447
1194,18376,29.83511,-93.95714
1195,18377,29.82918,-93.96587
1196,18378,29.84725,-93.95402
1197,18379,29.86143,-93.94091
1198,18380,29.87151,-93.94454
1199,18381,29.86244,-93.93845
1200,18382,29.88847,-93.94402
1201,18383,29.87716,-93.95484
1202,18384,29.94858,-93.94878
1203,18385,29.96102,-93.93703
1204,18386,29.94597,-93.95322
1205,18387,30.0064,-93.97641
1206,18388,29.9799,-93.94376
1207,18389,29.98405,-93.94595
1208,18390,29.93326,-93.88236
1209,18391,30.05808,-94.03475
1210,18392,30.061,-94.07288
1211,18393,30.06259,-94.0754
1212,18394,30.06018,-94.07816
1213,18395,30.06595,-94.07551
1214,18396,30.07246,-94.07689
1215,18397,30.0749,-94.08386
1216,18398,30.09152,-94.07138
1217,18399,30.0789,-94.07322
1218,18400,30.34854,-94.17411
1219,18401,30.37006,-94.17137
1220,18402,30.35898,-94.2012
1221,18403,32.8378,-94.51069
1222,18404,27.66168,-99.47209
1223,18405,27.55914,-99.50686
1224,18406,27.5004,-99.51596
1225,18407,27.53136,-99.51508
1226,18408,27.51057,-99.5167
1227,18409,29.12164,-98.49217
1228,18410,29.27553,-98.49963
1229,18411,29.34293,-98.52795
1230,18413,29.2673,-98.50842
1231,18414,29.28232,-98.36352
1232,18415,29.256,-98.38172
1233,18416,29.30562,-98.32802
1234,18417,29.24896,-98.32483
1235,18418,34.61747,-102.74819
1236,18419,34.38994,-103.03565
1237,18420,34.61638,-102.7498
1238,18421,33.87977,-98.40649
1239,18422,33.90538,-98.47244
1240,18423,33.90949,-98.48239
1241,18424,33.91214,-98.48601
1242,18425,33.9147,-98.48902
1243,18426,33.90641,-98.47502
1244,18427,33.90865,-98.48065
1245,18428,33.90045,-98.48597
1246,18429,33.93356,-98.50429
1247,18430,34.0935,-98.57294
1248,18431,35.3973,-102.06297
1249,18432,30.08133,-102.8244
1250,18433,27.59908,-98.40796
1251,18434,26.27428,-97.87001
1252,18435,28.52491,-99.23357
1253,18436,34.17579,-101.62241
1254,18437,34.18851,-101.6748
1255,18438,34.18734,-101.67973
1256,18439,34.22214,-101.75955
1257,18440,34.19147,-101.68965
1258,18441,34.9826,-101.94973
1259,18442,34.97939,-101.94673
1260,18443,33.60113,-101.85481
1261,18444,33.62783,-101.91106
1262,18445,33.63916,-101.93155
1263,18446,33.5721,-102.02122
1264,18447,33.57036,-102.01474
1265,18448,33.55594,-101.9611
1266,18449,33.57522,-102.01692
1267,18450,33.54138,-101.95941
1268,18451,33.50696,-102.01562
1269,18452,33.58979,-101.84347
1270,18453,33.56309,-101.80216
1271,18454,33.6071,-101.83481
1272,18455,32.5044,-100.39746
1273,18456,32.78821,-97.33837
1274,18457,32.79046,-97.339
1275,18458,32.78153,-97.33417
1276,18459,32.81304,-97.30833
1277,18460,32.80594,-97.32575
1278,18461,32.80717,-97.31672
1279,18462,29.72912,-95.27961
1280,18463,29.75564,-95.20341
1281,18464,29.75671,-95.20246
1282,18465,29.74669,-95.19168
1283,18466,29.7456,-95.29358
1284,18467,29.76042,-95.30108
1285,18468,29.75688,-95.2944
1286,18469,29.74251,-95.29092
1287,18470,28.8812,-95.94284
1288,18471,28.98824,-95.36774
1289,18472,28.99027,-95.37999
1290,18473,28.9982,-95.39902
1291,18474,28.99247,-95.37134
1292,18475,28.9991,-95.39126
1293,18476,28.99367,-95.37236
1294,18477,28.9945,-95.37306
1295,18478,28.98006,-95.33944
1296,18479,29.00142,-95.37896
1297,18480,29.00232,-95.37972
1298,18481,29.019,-95.39393
1299,18482,29.15491,-95.43254
1300,18483,29.15578,-95.43554
1301,18484,29.14451,-95.4529
1302,18485,29.32143,-95.24947
1303,18486,29.32043,-95.25427
